<?xml version="1.0" encoding="UTF-8"?>
<beans xmlns="http://www.springframework.org/schema/beans"
	xmlns:xsi="http://www.w3.org/2001/XMLSchema-instance" 
	xmlns:mvc="http://www.springframework.org/schema/mvc"
	xmlns:p="http://www.springframework.org/schema/p"
	xmlns:context="http://www.springframework.org/schema/context"
	xsi:schemaLocation="
    	http://www.springframework.org/schema/beans 
    	http://www.springframework.org/schema/beans/spring-beans.xsd
        http://www.springframework.org/schema/context 
        http://www.springframework.org/schema/context/spring-context.xsd
        http://www.springframework.org/schema/mvc 
        http://www.springframework.org/schema/mvc/spring-mvc.xsd">
	<!-- 使用扫描机制扫描包 -->
	<context:component-scan base-package="com.controller"/>
	<mvc:annotation-driven />
	<!-- 静态资源需要单独处理，不需要dispatcher servlet 
	<mvc:resources location="/css/" mapping="/css/**"></mvc:resources>
	-->
	<mvc:resources location="/images/" mapping="/images/**"></mvc:resources>
	<!-- 查看图片时limages和fimages文件夹不需要dispatcher servlet -->
	<mvc:resources location="/limages/" mapping="/limages/**"></mvc:resources>
	<mvc:resources location="/fimages/" mapping="/fimages/**"></mvc:resources>
	<mvc:resources location="/pimages/" mapping="/pimages/**"></mvc:resources>
	<!-- 配置视图解析器 -->
	<bean
		class="org.springframework.web.servlet.view.InternalResourceViewResolver"
		id="internalResourceViewResolver">
		<!-- 前缀 -->
		<property name="prefix" value="/WEB-INF/jsp/" />
		<!-- 后缀 -->
		<property name="suffix" value=".jsp"/>
	</bean>
		<!-- 配置MultipartResolver 用于文件上传 使用spring的CommosMultipartResolver -->  
    <bean id="multipartResolver" class="org.springframework.web.multipart.commons.CommonsMultipartResolver"  
        p:defaultEncoding="UTF-8"  
        p:maxUploadSize="5400000"  
        p:uploadTempDir="fileUpload/temp" 
     > 
      <!--D:\spring mvc workspace\.metadata\.plugins\org.eclipse.wst.server.core\tmp0\wtpwebapps\fileUpload  -->  
    </bean> 
    <!-- defaultEncoding="UTF-8" 是请求的编码格式，默认为iso-8859-1
maxUploadSize="5400000" 是允许上传文件的最大值，单位为字节
uploadTempDir="fileUpload/temp" 为上传文件的临时路径--> 
	<!-- 托管MyExceptionHandler -->
	<bean class="com.exception.MyExceptionHandler"/>
</beans>
