<?xml version="1.0" encoding="UTF-8" ?>
<!DOCTYPE mapper
PUBLIC "-//mybatis.org//DTD Mapper 3.0//EN"
"http://mybatis.org/dtd/mybatis-3-mapper.dtd">
<mapper namespace="com.dao.UserPrizeDao">
	<select id="selectAllPrize" resultType="Prize">
		select * from prizetable
	</select>
	<select id="selectPrizeById" parameterType="Integer" resultType="Prize">
		select * from prizetable where id=#{id}
	</select>
	<update id="reduceAmount">
		update prizetable set pamount=pamount-#{reduce} where id=#{id}
	</update>
	<update id="addAmount">
		update prizetable set pamount=pamount+#{add} where id=#{id}
	</update>
</mapper>