<?xml version="1.0" encoding="UTF-8" ?>
<!DOCTYPE mapper
PUBLIC "-//mybatis.org//DTD Mapper 3.0//EN"
"http://mybatis.org/dtd/mybatis-3-mapper.dtd">


<mapper namespace="com.dao.UserOrderDao">
	<insert id="Order" parameterType="Order">
		insert into ordertable (prizeid,prizename, prizedescribe,pimage,pcredit,createrid,ordertime,state) 
		values (#{prizeid},#{prizename},#{prizedescribe},#{pimage},#{pcredit},#{createrid},now(),#{state})
	</insert>
	<select id="MyorderedPrize" parameterType="Integer" resultType="Order">
		select * from ordertable where createrid=#{createrid} and state=0
	</select>
	<update id="Cancel" parameterType="Integer">
		update ordertable set state=1,closetime=now() where id=#{id}
	</update>
	<select id="MycancelledPrize" parameterType="Integer" resultType="Order">
		select * from ordertable where createrid=#{createrid} and state=1
	</select>
	<select id="MyrecievedPrize" parameterType="Integer" resultType="Order">
		select * from ordertable where createrid=#{createrid} and state=2
	</select>
</mapper>