<?xml version="1.0" encoding="UTF-8" ?>
<!DOCTYPE mapper
PUBLIC "-//mybatis.org//DTD Mapper 3.0//EN"
"http://mybatis.org/dtd/mybatis-3-mapper.dtd">


<mapper namespace="com.dao.UserFoundDao">
	<select id="toSeeTrusteeship" parameterType="Found" resultType="Found">
		select * from foundtable where createrid!=#{id} and istrusteeship=1
	</select>
	<select id="toSee" parameterType="Found" resultType="Found">
		select * from foundtable where createrid!=#{id} and istrusteeship=0
	</select>
	<insert id="Send" parameterType="Found">
		insert into foundtable (id, ftypename,fimage,fname,fdescribe,fcontact,ftime,fisfind,createrid,istrusteeship
		) values (null, #{ftypename},#{fimage},#{fname},#{fdescribe},#{fcontact},now(),0,#{createrid},0)
	</insert>
	<select id="toSeeMyTrusteeship" parameterType="Integer" resultType="Found">
		select * from foundtable where createrid=#{id} and istrusteeship=1
	</select>
	<select id="toDeleteSelect" parameterType="Integer" resultType="Found">
		select * from foundtable where createrid=#{id} and istrusteeship=0
	</select>
	<delete id="Delete" parameterType="Integer">
	 	delete from foundtable where id=#{id}
	</delete>
		<update id="Find" parameterType="Integer">
		update foundtable set fisfind=1 where id = #{id}
	</update>
	<update id="UnFind" parameterType="Integer">
		update foundtable set fisfind=0 where id = #{id}
	</update>
</mapper>