<?xml version="1.0" encoding="UTF-8" ?>
<!DOCTYPE mapper
PUBLIC "-//mybatis.org//DTD Mapper 3.0//EN"
"http://mybatis.org/dtd/mybatis-3-mapper.dtd">


<mapper namespace="com.dao.UserLostDao">

	<select id="toSee" parameterType="Integer" resultType="Lost">
		select * from losttable where createrid!=#{id}
	</select>
    <insert id="Send" parameterType="Lost">
		insert into losttable (id, ltypename,limage,lname,ldescribe,lcontact,ltime,lisfind,createrid
		) values (null, #{ltypename},#{limage},#{lname},#{ldescribe},#{lcontact},now(),0,#{createrid})
	</insert>

	<select id="toDeleteSelect" parameterType="Integer" resultType="Lost">
		select * from losttable where createrid=#{id}
	</select>
	<delete id="Delete" parameterType="Integer">
	 	delete from losttable where id=#{id}
	</delete>
	<update id="Find" parameterType="Integer">
		update losttable set lisfind=1 where id = #{id}
	</update>
	<update id="UnFind" parameterType="Integer">
		update losttable set lisfind=0 where id = #{id}
	</update>
</mapper>