<?xml version="1.0" encoding="UTF-8" ?>
<!DOCTYPE mapper
PUBLIC "-//mybatis.org//DTD Mapper 3.0//EN"
"http://mybatis.org/dtd/mybatis-3-mapper.dtd">


<mapper namespace="com.dao.AdminFoundDao">
	<select id="toTFound" resultType="Found">
		select * from foundtable where istrusteeship=1
	</select>
	<select id="toNoTFound" resultType="Found">
		select * from foundtable where istrusteeship=0
	</select>
	<update id="Trusteeship" parameterType="Integer">
		update foundtable set istrusteeship=1 where id=#{id}
	</update>
	<update id="Find" parameterType="Integer">
		update foundtable set fisfind=1 where id=#{id}
	</update>
		<update id="UnFind" parameterType="Integer">
		update foundtable set fisfind=0 where id=#{id}
	</update>
	<delete id="Delete" parameterType="Integer">
		delete from foundtable where id=#{id}
	</delete>
	<select id="toCountByTypename" parameterType="String" resultType="Integer">
		select count(*) from foundtable where ftypename=#{ftypename}
	</select>
	<insert id="Send" parameterType="Found">
		insert into foundtable (id, ftypename,fimage,fname,fdescribe,ftime,fisfind,createrid,istrusteeship
		) values (null, #{ftypename},#{fimage},#{fname},#{fdescribe},now(),0,#{createrid},1)
	</insert>
</mapper>