<?xml version="1.0" encoding="UTF-8" ?>
<!DOCTYPE mapper
PUBLIC "-//mybatis.org//DTD Mapper 3.0//EN"
"http://mybatis.org/dtd/mybatis-3-mapper.dtd">
<mapper namespace="com.dao.AdminUserDao">
	<select id="userInfo"  resultType="Buser" >
		select * from busertable
	</select>
	<select id="selectUserById" parameterType="Integer" resultType="Buser" >
		select * from busertable where id=#{id}
	</select>
	<delete id="deleteuserManager"  parameterType="Integer" >
		delete from busertable where id = #{id}
	</delete>
	<update id="supend"  parameterType="Integer" >
		update busertable set bavailable=0 where id = #{id}
	</update>
	<update id="unlock"  parameterType="Integer" >
		update busertable set bavailable=1 where id = #{id}
	</update>
	<update id="addCredit"  parameterType="Integer" >
		update busertable set credit=credit+#{add} where id = #{createrid}
	</update>
	<update id="reduceCredit"  parameterType="Integer" >
		update busertable set credit=credit-#{reduce} where id = #{createrid}
	</update>
</mapper>