<?xml version="1.0" encoding="UTF-8" ?>
<!DOCTYPE mapper
PUBLIC "-//mybatis.org//DTD Mapper 3.0//EN"
"http://mybatis.org/dtd/mybatis-3-mapper.dtd">


<mapper namespace="com.dao.AdminPrizeDao">
	<select id="selectAllPrize"  resultType="Prize" >
		select * from prizetable
	</select>
	<insert id="add" parameterType="Prize">
		insert into prizetable (id, prizename,prizedescribe,pimage,pcredit,pamount
		) values (null, #{prizename},#{prizedescribe},#{pimage},#{pcredit},#{pamount})
	</insert>
	<delete id="Delete"  parameterType="Integer" >
		delete from prizetable where id=#{id}
	</delete>
	<update id="In" parameterType="Prize">
		update prizetable set pamount=pamount+#{pamount} where id=#{id}
	</update>
	<update id="Out" parameterType="Prize">
		update prizetable set pamount=pamount-#{pamount} where id=#{id}
	</update>
	<update id="addAmount">
		update prizetable set pamount=pamount+#{add} where id=#{id}
	</update>
</mapper>