<?xml version="1.0" encoding="UTF-8" ?>
<!DOCTYPE mapper
PUBLIC "-//mybatis.org//DTD Mapper 3.0//EN"
"http://mybatis.org/dtd/mybatis-3-mapper.dtd">


<mapper namespace="com.dao.AdminOrderDao">
	<select id="untreatedOrder" resultType="Order">
		select * from ordertable where state=0
	</select>
	<update id="Cancel" parameterType="Integer">
		update ordertable set state=1,closetime=now() where id=#{id}
	</update>
	<update id="Recieve" parameterType="Integer">
		update ordertable set state=2,endtime=now() where id=#{id}
	</update>
	<select id="TreatedOrder" resultType="Order">
		select * from ordertable where state=2
	</select>
	<select id="CancelOrder" resultType="Order">
		select * from ordertable where state=1
	</select>
</mapper>