<?xml version="1.0" encoding="UTF-8"?>
<!DOCTYPE configuration
PUBLIC "-//mybatis.org//DTD Config 3.0//EN"
"http://mybatis.org/dtd/mybatis-3-config.dtd">
<configuration>
	 <typeAliases>
        <typeAlias alias="Auser" type="com.po.Auser"/>
        <typeAlias alias="GoodsType" type="com.po.GoodsType"/>
        <typeAlias alias="Buser" type="com.po.Buser"/>
        <typeAlias alias="Notice" type="com.po.Notice"/>
        <typeAlias alias="Lost" type="com.po.Lost"/>
        <typeAlias alias="Found" type="com.po.Found"/>
         <typeAlias alias="Prize" type="com.po.Prize"/>
          <typeAlias alias="Order" type="com.po.Order"/>
     </typeAliases>
	<mappers>
		<mapper resource="com/mybatis/admin/AdminMapper.xml"/>
		<mapper resource="com/mybatis/admin/AdminTypeMapper.xml"/>
		<mapper resource="com/mybatis/admin/AdminUserMapper.xml"/>
		<mapper resource="com/mybatis/admin/AdminNoticeMapper.xml"/>
		
		<mapper resource="com/mybatis/admin/AdminLostMapper.xml"/>
		<mapper resource="com/mybatis/admin/AdminFoundMapper.xml"/>
		
		<mapper resource="com/mybatis/admin/AdminPrizeMapper.xml"/>
		<mapper resource="com/mybatis/admin/AdminOrderMapper.xml"/>
		
		<mapper resource="com/mybatis/before/UserMapper.xml"/>
		<mapper resource="com/mybatis/before/UserUserMapper.xml"/>
		<mapper resource="com/mybatis/before/UserNoticeMapper.xml"/>
		
		<mapper resource="com/mybatis/before/UserLostMapper.xml"/>
		<mapper resource="com/mybatis/before/UserFoundMapper.xml"/>
		
		<mapper resource="com/mybatis/before/UserTypeMapper.xml"/>
		
		<mapper resource="com/mybatis/before/UserPrizeMapper.xml"/>
		<mapper resource="com/mybatis/before/UserOrderMapper.xml"/>
		

		
	</mappers>
</configuration>